name_raw,name
00039.dng,00039.png
00247.dng,00247.png
00262.dng,00262.png
00426.dng,00426.png
00465.dng,00465.png
00475.dng,00475.png
00568.dng,00568.png
00719.dng,00719.png
00730.dng,00730.png
00751.dng,00751.png
00901.dng,00901.png
00959.dng,00959.png
01007.dng,01007.png
01046.dng,01046.png
01052.dng,01052.png
01055.dng,01055.png
01139.dng,01139.png
01172.dng,01172.png
01327.dng,01327.png
01340.dng,01340.png
01367.dng,01367.png
01378.dng,01378.png
01389.dng,01389.png
01481.dng,01481.png
01485.dng,01485.png
01524.dng,01524.png
01556.dng,01556.png
01582.dng,01582.png
01601.dng,01601.png
01666.dng,01666.png
01734.dng,01734.png
01811.dng,01811.png
01821.dng,01821.png
01902.dng,01902.png
01953.dng,01953.png
02022.dng,02022.png
02081.dng,02081.png
02205.dng,02205.png
02391.dng,02391.png
02396.dng,02396.png
02419.dng,02419.png
02465.dng,02465.png
02530.dng,02530.png
02665.dng,02665.png
02667.dng,02667.png
02713.dng,02713.png
02724.dng,02724.png
02774.dng,02774.png
02798.dng,02798.png
02861.dng,02861.png
02872.dng,02872.png
02954.dng,02954.png
03019.dng,03019.png
03101.dng,03101.png
03106.dng,03106.png
03180.dng,03180.png
03202.dng,03202.png
03304.dng,03304.png
03325.dng,03325.png
03337.dng,03337.png
03342.dng,03342.png
03385.dng,03385.png
03411.dng,03411.png
03449.dng,03449.png
03452.dng,03452.png
03533.dng,03533.png
03615.dng,03615.png
03617.dng,03617.png
03633.dng,03633.png
03813.dng,03813.png
03854.dng,03854.png
03873.dng,03873.png
03929.dng,03929.png
03954.dng,03954.png
04054.dng,04054.png
04112.dng,04112.png
04241.dng,04241.png
04356.dng,04356.png
04450.dng,04450.png
04537.dng,04537.png
04547.dng,04547.png
04607.dng,04607.png
04626.dng,04626.png
04697.dng,04697.png
04857.dng,04857.png
04879.dng,04879.png
04965.dng,04965.png
05064.dng,05064.png
05086.dng,05086.png
05165.dng,05165.png
05191.dng,05191.png
05229.dng,05229.png
05243.dng,05243.png
05350.dng,05350.png
05391.dng,05391.png
05406.dng,05406.png
05552.dng,05552.png
05666.dng,05666.png
05675.dng,05675.png
05888.dng,05888.png
05891.dng,05891.png
05935.dng,05935.png
05938.dng,05938.png
05959.dng,05959.png
06048.dng,06048.png
06100.dng,06100.png
06129.dng,06129.png
06142.dng,06142.png
06299.dng,06299.png
06331.dng,06331.png
06353.dng,06353.png
06416.dng,06416.png
06431.dng,06431.png
06544.dng,06544.png
06560.dng,06560.png
06568.dng,06568.png
06578.dng,06578.png
06616.dng,06616.png
06698.dng,06698.png
06709.dng,06709.png
06717.dng,06717.png
06765.dng,06765.png
06787.dng,06787.png
06868.dng,06868.png
06890.dng,06890.png
06997.dng,06997.png
07082.dng,07082.png
07084.dng,07084.png
07133.dng,07133.png
07155.dng,07155.png
07170.dng,07170.png
07189.dng,07189.png
07299.dng,07299.png
07361.dng,07361.png
07418.dng,07418.png
07488.dng,07488.png
07536.dng,07536.png
07587.dng,07587.png
07686.dng,07686.png
07732.dng,07732.png
07794.dng,07794.png
07796.dng,07796.png
07962.dng,07962.png
08021.dng,08021.png
08121.dng,08121.png
08160.dng,08160.png
08170.dng,08170.png
08176.dng,08176.png
08322.dng,08322.png
08327.dng,08327.png
08360.dng,08360.png
08456.dng,08456.png
08571.dng,08571.png
08753.dng,08753.png
08847.dng,08847.png
08918.dng,08918.png
09050.dng,09050.png
09168.dng,09168.png
09210.dng,09210.png
09272.dng,09272.png
09285.dng,09285.png
09375.dng,09375.png
09422.dng,09422.png
09437.dng,09437.png
09476.dng,09476.png
09478.dng,09478.png
09552.dng,09552.png
09626.dng,09626.png
09718.dng,09718.png
09781.dng,09781.png
09848.dng,09848.png
09944.dng,09944.png
09974.dng,09974.png
09990.dng,09990.png
10176.dng,10176.png
10226.dng,10226.png
10231.dng,10231.png
10280.dng,10280.png
10419.dng,10419.png
10444.dng,10444.png
10476.dng,10476.png
10486.dng,10486.png
10677.dng,10677.png
10680.dng,10680.png
10758.dng,10758.png
11015.dng,11015.png
11141.dng,11141.png
11303.dng,11303.png
11375.dng,11375.png
11385.dng,11385.png
11408.dng,11408.png
11411.dng,11411.png
11422.dng,11422.png
11425.dng,11425.png
11535.dng,11535.png
11553.dng,11553.png
11576.dng,11576.png
11620.dng,11620.png
11866.dng,11866.png
11936.dng,11936.png
12014.dng,12014.png
12071.dng,12071.png
12182.dng,12182.png
12338.dng,12338.png
12444.dng,12444.png
12581.dng,12581.png
12694.dng,12694.png
12724.dng,12724.png
12797.dng,12797.png
12812.dng,12812.png
12852.dng,12852.png
12947.dng,12947.png
12952.dng,12952.png
12991.dng,12991.png
13210.dng,13210.png
13246.dng,13246.png
13300.dng,13300.png
13317.dng,13317.png
13361.dng,13361.png
13362.dng,13362.png
13398.dng,13398.png
13402.dng,13402.png
13463.dng,13463.png
13656.dng,13656.png
13770.dng,13770.png
13846.dng,13846.png
13883.dng,13883.png
13886.dng,13886.png
13941.dng,13941.png
13953.dng,13953.png
13987.dng,13987.png
14036.dng,14036.png
14120.dng,14120.png
14168.dng,14168.png
14201.dng,14201.png
14218.dng,14218.png
14250.dng,14250.png
14313.dng,14313.png
14339.dng,14339.png
14370.dng,14370.png
14406.dng,14406.png
14529.dng,14529.png
14606.dng,14606.png
14607.dng,14607.png
15005.dng,15005.png
15018.dng,15018.png
15145.dng,15145.png
15211.dng,15211.png
15268.dng,15268.png
15287.dng,15287.png
15419.dng,15419.png
15613.dng,15613.png
15731.dng,15731.png
15788.dng,15788.png
15795.dng,15795.png
15916.dng,15916.png
16112.dng,16112.png
16228.dng,16228.png
16279.NEF,16279.png
16661.NEF,16661.png
16736.NEF,16736.png
16820.NEF,16820.png
16828.NEF,16828.png
16981.NEF,16981.png
17107.NEF,17107.png
17324.NEF,17324.png
17327.NEF,17327.png
17332.NEF,17332.png
17436.NEF,17436.png
17446.NEF,17446.png
17521.NEF,17521.png
17526.NEF,17526.png
17528.NEF,17528.png
17808.NEF,17808.png
17860.NEF,17860.png
17888.NEF,17888.png
17917.NEF,17917.png
17956.NEF,17956.png
18025.NEF,18025.png
18050.NEF,18050.png
18146.NEF,18146.png
18159.NEF,18159.png
18163.NEF,18163.png
18169.NEF,18169.png
18299.NEF,18299.png
18355.NEF,18355.png
18412.NEF,18412.png
18422.NEF,18422.png
18508.NEF,18508.png
18535.NEF,18535.png
18665.NEF,18665.png
18738.NEF,18738.png
18749.NEF,18749.png
18864.NEF,18864.png
18879.NEF,18879.png
18940.NEF,18940.png
19059.NEF,19059.png
19129.NEF,19129.png
19134.NEF,19134.png
19154.NEF,19154.png
19156.NEF,19156.png
19224.NEF,19224.png
19306.NEF,19306.png
19352.NEF,19352.png
19369.NEF,19369.png
19394.NEF,19394.png
19485.NEF,19485.png
19553.NEF,19553.png
19573.NEF,19573.png
19698.NEF,19698.png
19836.NEF,19836.png
19924.NEF,19924.png
19967.NEF,19967.png
20012.NEF,20012.png
20136.NEF,20136.png
20141.NEF,20141.png
20176.NEF,20176.png
20181.NEF,20181.png
20245.NEF,20245.png
20262.NEF,20262.png
20273.NEF,20273.png
20278.NEF,20278.png
20282.NEF,20282.png
20317.NEF,20317.png
20434.NEF,20434.png
20467.NEF,20467.png
20489.NEF,20489.png
20490.NEF,20490.png
20527.NEF,20527.png
20548.NEF,20548.png
20771.NEF,20771.png
20858.NEF,20858.png
20909.NEF,20909.png
20919.NEF,20919.png
21220.NEF,21220.png
21290.NEF,21290.png
21327.NEF,21327.png
21340.NEF,21340.png
21348.NEF,21348.png
21351.NEF,21351.png
21357.NEF,21357.png
21471.NEF,21471.png
21529.NEF,21529.png
21695.NEF,21695.png
21704.NEF,21704.png
21734.NEF,21734.png
21755.NEF,21755.png
21807.NEF,21807.png
21808.NEF,21808.png
21902.NEF,21902.png
22027.NEF,22027.png
22092.NEF,22092.png
22186.NEF,22186.png
22197.NEF,22197.png
22237.NEF,22237.png
22302.NEF,22302.png
22374.NEF,22374.png
22541.NEF,22541.png
22542.NEF,22542.png
22585.NEF,22585.png
22640.NEF,22640.png
22775.NEF,22775.png
22809.NEF,22809.png
23047.NEF,23047.png
23092.NEF,23092.png
23204.NEF,23204.png
23254.NEF,23254.png
23293.NEF,23293.png
23333.NEF,23333.png
23466.NEF,23466.png
23510.NEF,23510.png
23537.NEF,23537.png
23650.NEF,23650.png
23704.NEF,23704.png
23877.NEF,23877.png
23897.NEF,23897.png
23910.NEF,23910.png
23911.NEF,23911.png
23961.NEF,23961.png
24092.NEF,24092.png
24107.NEF,24107.png
24155.NEF,24155.png
24197.NEF,24197.png
24224.NEF,24224.png
24323.NEF,24323.png
24387.NEF,24387.png
24415.NEF,24415.png
24418.NEF,24418.png
24640.NEF,24640.png
24645.NEF,24645.png
24683.NEF,24683.png
24692.NEF,24692.png
24780.NEF,24780.png
24793.NEF,24793.png
24883.NEF,24883.png
24929.NEF,24929.png
25069.NEF,25069.png
25133.NEF,25133.png
25137.NEF,25137.png
25221.NEF,25221.png
25316.CR2,25316.png
25353.CR2,25353.png
25361.CR2,25361.png
25435.CR2,25435.png
25504.CR2,25504.png
25612.CR2,25612.png
25664.CR2,25664.png
25808.CR2,25808.png
25887.CR2,25887.png
25980.CR2,25980.png
26022.CR2,26022.png
26030.CR2,26030.png
26038.CR2,26038.png
26088.CR2,26088.png
26093.CR2,26093.png
26189.CR2,26189.png
26209.CR2,26209.png
26304.CR2,26304.png
26308.CR2,26308.png
26325.CR2,26325.png
26333.CR2,26333.png
26347.CR2,26347.png
26365.CR2,26365.png
26379.CR2,26379.png
26469.CR2,26469.png
26531.CR2,26531.png
26674.CR2,26674.png
26738.CR2,26738.png
26844.CR2,26844.png
26860.CR2,26860.png
26866.CR2,26866.png
26893.CR2,26893.png
26895.CR2,26895.png
26900.CR2,26900.png
27074.CR2,27074.png
27142.CR2,27142.png
27148.CR2,27148.png
27166.CR2,27166.png
27232.CR2,27232.png
27267.CR2,27267.png
27439.CR2,27439.png
27464.CR2,27464.png
27475.CR2,27475.png
27506.CR2,27506.png
27599.CR2,27599.png
27613.CR2,27613.png
27661.CR2,27661.png
27757.CR2,27757.png
27764.CR2,27764.png
27846.CR2,27846.png
27855.CR2,27855.png
27936.CR2,27936.png
28076.CR2,28076.png
28148.CR2,28148.png
28158.CR2,28158.png
28209.CR2,28209.png
28245.CR2,28245.png
28290.CR2,28290.png
28393.CR2,28393.png
28501.CR2,28501.png
28578.CR2,28578.png
28591.CR2,28591.png
28769.CR2,28769.png
28800.CR2,28800.png
28934.CR2,28934.png
28964.CR2,28964.png
28987.CR2,28987.png
29017.CR2,29017.png
29058.CR2,29058.png
29206.CR2,29206.png
29208.CR2,29208.png
29212.CR2,29212.png
29261.CR2,29261.png
29296.CR2,29296.png
29320.CR2,29320.png
29357.CR2,29357.png
29367.CR2,29367.png
29400.CR2,29400.png
29489.CR2,29489.png
29530.CR2,29530.png
29567.CR2,29567.png
29643.CR2,29643.png
29690.CR2,29690.png
29755.CR2,29755.png
29776.CR2,29776.png
29841.CR2,29841.png
29849.CR2,29849.png
29874.CR2,29874.png
29926.CR2,29926.png
29996.CR2,29996.png
30289.CR2,30289.png
30406.CR2,30406.png
30532.CR2,30532.png
30644.CR2,30644.png
30710.CR2,30710.png
30826.CR2,30826.png
30874.CR2,30874.png
30912.CR2,30912.png
31030.CR2,31030.png
31114.CR2,31114.png
31131.CR2,31131.png
31193.CR2,31193.png
31204.CR2,31204.png
31217.CR2,31217.png
31559.dng,31559.png
31573.DNG,31573.png
31601.DNG,31601.png
31833.DNG,31833.png
31858.DNG,31858.png
31868.dng,31868.png
31871.DNG,31871.png
31886.DNG,31886.png
31912.DNG,31912.png
31948.DNG,31948.png
31949.DNG,31949.png
31996.DNG,31996.png
32005.DNG,32005.png
32012.DNG,32012.png
32069.DNG,32069.png
32116.DNG,32116.png
32152.DNG,32152.png
32183.DNG,32183.png
32211.DNG,32211.png
32225.DNG,32225.png
32232.DNG,32232.png
32270.dng,32270.png
32278.DNG,32278.png
32353.DNG,32353.png
32491.DNG,32491.png
32562.DNG,32562.png
32599.DNG,32599.png
32623.DNG,32623.png
32705.dng,32705.png
32713.DNG,32713.png
32721.DNG,32721.png
32724.DNG,32724.png
32770.DNG,32770.png
32833.DNG,32833.png
32847.DNG,32847.png
33200.DNG,33200.png
33207.DNG,33207.png
33493.DNG,33493.png
33608.NEF,33608.png
33641.NEF,33641.png
33650.NEF,33650.png
33779.NEF,33779.png
33792.NEF,33792.png
34246.NEF,34246.png
34252.NEF,34252.png
34269.NEF,34269.png
34313.NEF,34313.png
34575.ARW,34575.png
34581.ARW,34581.png
34642.ARW,34642.png
34671.ARW,34671.png
34742.ARW,34742.png
34747.ARW,34747.png
34763.ARW,34763.png
34767.ARW,34767.png
34792.ARW,34792.png
34813.ARW,34813.png
34822.ARW,34822.png
34830.ARW,34830.png
34866.ARW,34866.png
34907.ARW,34907.png
34918.ARW,34918.png
34927.ARW,34927.png
35009.ARW,35009.png
35099.ARW,35099.png
35101.ARW,35101.png
35154.ARW,35154.png
35217.ARW,35217.png
35273.ARW,35273.png
35361.ARW,35361.png
35431.ARW,35431.png
35454.ARW,35454.png
35641.ARW,35641.png
35736.ARW,35736.png
35752.ARW,35752.png
35829.ARW,35829.png
35922.ARW,35922.png
36183.ARW,36183.png
36377.ARW,36377.png
36458.ARW,36458.png
36523.ARW,36523.png
36598.ARW,36598.png
36653.ARW,36653.png
36749.ARW,36749.png
36809.ARW,36809.png
36835.ARW,36835.png
36900.ARW,36900.png
36931.ARW,36931.png
36994.ARW,36994.png
37007.ARW,37007.png
37083.ARW,37083.png
37333.ARW,37333.png
37345.ARW,37345.png
37372.ARW,37372.png
37388.ARW,37388.png
37398.ARW,37398.png
37409.ARW,37409.png
37448.ARW,37448.png
37548.ARW,37548.png
37556.ARW,37556.png
37571.ARW,37571.png
37668.ARW,37668.png
37811.ARW,37811.png
37852.ARW,37852.png
37986.ARW,37986.png
37987.ARW,37987.png
37999.ARW,37999.png
38125.ARW,38125.png
38292.ARW,38292.png
38449.ARW,38449.png
38482.ARW,38482.png
38498.ARW,38498.png
38603.ARW,38603.png
38611.ARW,38611.png
38696.ARW,38696.png
38740.ARW,38740.png
38779.ARW,38779.png
38809.ARW,38809.png
38944.DNG,38944.png
38972.DNG,38972.png
39004.DNG,39004.png
39023.DNG,39023.png
39025.DNG,39025.png
39188.DNG,39188.png
39284.DNG,39284.png
39292.DNG,39292.png
39386.DNG,39386.png
39396.DNG,39396.png
39409.DNG,39409.png
39414.DNG,39414.png
39449.DNG,39449.png
39480.DNG,39480.png
39502.DNG,39502.png
39525.DNG,39525.png
39566.DNG,39566.png
39670.DNG,39670.png
39748.DNG,39748.png
39891.DNG,39891.png
39906.DNG,39906.png
40199.CR2,40199.png
40278.CR2,40278.png
40297.CR2,40297.png
40315.CR2,40315.png
40457.CR2,40457.png
40511.CR2,40511.png
40525.CR2,40525.png
40548.CR2,40548.png
40611.CR2,40611.png
40630.CR2,40630.png
40842.CR2,40842.png
40846.CR2,40846.png
40882.CR2,40882.png
40904.CR2,40904.png
41005.CR2,41005.png
41007.CR2,41007.png
41022.CR2,41022.png
41062.CR2,41062.png
41071.CR2,41071.png
41089.CR2,41089.png
41202.CR2,41202.png
41270.CR2,41270.png
41459.CR2,41459.png
41573.CR2,41573.png
41600.CR2,41600.png
41882.CR2,41882.png
41923.CR2,41923.png
41966.CR2,41966.png
41968.CR2,41968.png
41973.CR2,41973.png
42070.CR2,42070.png
42078.CR2,42078.png
42125.CR2,42125.png
42138.CR2,42138.png
42152.CR2,42152.png
42164.CR2,42164.png
42199.CR2,42199.png
42202.CR2,42202.png
42287.CR2,42287.png
42293.CR2,42293.png
42379.CR2,42379.png
42401.CR2,42401.png
42421.CR2,42421.png
42422.CR2,42422.png
42451.CR2,42451.png
42455.CR2,42455.png
42581.CR2,42581.png
42625.CR2,42625.png
42714.CR2,42714.png
42732.CR2,42732.png
42755.CR2,42755.png
42812.CR2,42812.png
42844.CR2,42844.png
42877.CR2,42877.png
42896.CR2,42896.png
42943.CR2,42943.png
42947.CR2,42947.png
43038.CR2,43038.png
43147.CR2,43147.png
43204.CR2,43204.png
43225.CR2,43225.png
43276.CR2,43276.png
43305.CR2,43305.png
43311.CR2,43311.png
43361.CR2,43361.png
43526.CR2,43526.png
43592.CR2,43592.png
43666.CR2,43666.png
43898.NEF,43898.png
44063.NEF,44063.png
44098.NEF,44098.png
44173.NEF,44173.png
44274.NEF,44274.png
44281.NEF,44281.png
44290.NEF,44290.png
44334.NEF,44334.png
44380.NEF,44380.png
44530.NEF,44530.png
44540.NEF,44540.png
44599.NEF,44599.png
44610.NEF,44610.png
44665.NEF,44665.png
44770.NEF,44770.png
44782.NEF,44782.png
44798.NEF,44798.png
44799.NEF,44799.png
44843.NEF,44843.png
44980.NEF,44980.png
45119.NEF,45119.png
45223.NEF,45223.png
45240.NEF,45240.png
45299.NEF,45299.png
45306.NEF,45306.png
45389.NEF,45389.png
45434.NEF,45434.png
45451.NEF,45451.png
45457.NEF,45457.png
45462.NEF,45462.png
45471.NEF,45471.png
45512.NEF,45512.png
45878.NEF,45878.png
45999.NEF,45999.png
46126.NEF,46126.png
46158.NEF,46158.png
46189.NEF,46189.png
46322.NEF,46322.png
46357.NEF,46357.png
46362.NEF,46362.png
46363.NEF,46363.png
46449.NEF,46449.png
46530.NEF,46530.png
46544.NEF,46544.png
46606.NEF,46606.png
46655.NEF,46655.png
46685.NEF,46685.png
46805.NEF,46805.png
46810.NEF,46810.png
47005.NEF,47005.png
47038.NEF,47038.png
47110.NEF,47110.png
47256.NEF,47256.png
47260.NEF,47260.png
47385.NEF,47385.png
47467.NEF,47467.png
47532.NEF,47532.png
47683.NEF,47683.png
47694.NEF,47694.png
47719.NEF,47719.png
47745.NEF,47745.png
47787.NEF,47787.png
47796.NEF,47796.png
47817.NEF,47817.png
47932.NEF,47932.png
47937.NEF,47937.png
47945.NEF,47945.png
47955.NEF,47955.png
47975.NEF,47975.png
48037.NEF,48037.png
48054.NEF,48054.png
48069.NEF,48069.png
48184.NEF,48184.png
48286.NEF,48286.png
48296.NEF,48296.png
48341.NEF,48341.png
48410.NEF,48410.png
48503.NEF,48503.png
48524.NEF,48524.png
48538.NEF,48538.png
48592.NEF,48592.png
48912.NEF,48912.png
48960.NEF,48960.png
48966.NEF,48966.png
49144.NEF,49144.png
49432.NEF,49432.png
49442.NEF,49442.png
49467.NEF,49467.png
49503.NEF,49503.png
49535.NEF,49535.png
49574.NEF,49574.png
49601.NEF,49601.png
49619.NEF,49619.png
49654.NEF,49654.png
49792.NEF,49792.png
49837.NEF,49837.png
49847.NEF,49847.png
49934.NEF,49934.png
49946.NEF,49946.png
49965.NEF,49965.png
49997.NEF,49997.png
50000.NEF,50000.png
50090.NEF,50090.png
50100.NEF,50100.png
50106.NEF,50106.png
50139.NEF,50139.png
50216.NEF,50216.png
50305.NEF,50305.png
50427.NEF,50427.png
50446.NEF,50446.png
50457.NEF,50457.png
50465.NEF,50465.png
50471.NEF,50471.png
50493.NEF,50493.png
50495.NEF,50495.png
50516.NEF,50516.png
50556.NEF,50556.png
50639.NEF,50639.png
50693.NEF,50693.png
50764.NEF,50764.png
50776.NEF,50776.png
50789.NEF,50789.png
50912.NEF,50912.png
50961.NEF,50961.png
50999.NEF,50999.png
51017.NEF,51017.png
51028.NEF,51028.png
51105.NEF,51105.png
51125.NEF,51125.png
51163.NEF,51163.png
51170.NEF,51170.png
51249.NEF,51249.png
51338.NEF,51338.png
51388.NEF,51388.png
51429.NEF,51429.png
51468.NEF,51468.png
51633.RW2,51633.png
51685.RW2,51685.png
51730.RW2,51730.png
51738.RW2,51738.png
51752.RW2,51752.png
51779.RW2,51779.png
51804.RW2,51804.png
51851.RW2,51851.png
51857.RW2,51857.png
51889.RW2,51889.png
51934.RW2,51934.png
51947.RW2,51947.png
51972.RW2,51972.png
51974.RW2,51974.png
52062.RW2,52062.png
52079.RW2,52079.png
52170.RW2,52170.png
52202.RW2,52202.png
52228.RW2,52228.png
52326.RW2,52326.png
52374.RW2,52374.png
52382.RW2,52382.png
52475.RW2,52475.png
52501.RW2,52501.png
52545.RW2,52545.png
52546.RW2,52546.png
52602.RW2,52602.png
52633.RW2,52633.png
52662.RW2,52662.png
52836.RW2,52836.png
52904.RW2,52904.png
52928.RW2,52928.png
52939.RW2,52939.png
52944.RW2,52944.png
53103.RW2,53103.png
53214.RW2,53214.png
53215.RW2,53215.png
53244.RW2,53244.png
53660.RW2,53660.png
53757.RW2,53757.png
53768.RW2,53768.png
54121.RW2,54121.png
54144.RW2,54144.png
54204.RW2,54204.png
54216.RW2,54216.png
54304.RW2,54304.png
54393.RW2,54393.png
54431.RW2,54431.png
54436.RW2,54436.png
54527.RW2,54527.png
54534.RW2,54534.png
54538.RW2,54538.png
54678.RW2,54678.png
54741.RW2,54741.png
54805.RW2,54805.png
54812.RW2,54812.png
54964.RW2,54964.png
55064.RW2,55064.png
55146.RW2,55146.png
55220.RW2,55220.png
55239.RW2,55239.png
55249.RW2,55249.png
55302.RW2,55302.png
55511.RW2,55511.png
55565.RW2,55565.png
55776.RW2,55776.png
55806.RW2,55806.png
55837.RW2,55837.png
56035.RW2,56035.png
56036.RW2,56036.png
56058.RW2,56058.png
56088.RW2,56088.png
56114.RW2,56114.png
56129.RW2,56129.png
56229.CR2,56229.png
56264.NEF,56264.png
56337.CR2,56337.png
56359.cr2,56359.png
56373.CR2,56373.png
56456.RW2,56456.png
56519.NEF,56519.png
56617.dng,56617.png
56744.NEF,56744.png
56810.cr2,56810.png
56829.cr2,56829.png
56830.dng,56830.png
56832.cr2,56832.png
57048.PEF,57048.png
57071.cr2,57071.png
57098.cr2,57098.png
57163.CR2,57163.png
57291.cr2,57291.png
57315.nef,57315.png
57329.CR2,57329.png
57458.cr2,57458.png
57513.cr2,57513.png
57644.RW2,57644.png
57676.cr2,57676.png
57720.dng,57720.png
57781.cr2,57781.png
57827.RW2,57827.png
57839.cr2,57839.png
57842.nef,57842.png
57908.nef,57908.png
57926.cr2,57926.png
57951.SRW,57951.png
57974.CR2,57974.png
57988.orf,57988.png
58058.NEF,58058.png
58137.dng,58137.png
58160.cr2,58160.png
58225.nef,58225.png
58317.ORF,58317.png
58320.cr2,58320.png
58397.dng,58397.png
58452.RW2,58452.png
58524.RW2,58524.png
58542.cr2,58542.png
58617.cr2,58617.png
58702.dng,58702.png
58721.RW2,58721.png
58742.dng,58742.png
58760.cr2,58760.png
58782.cr2,58782.png
58822.arw,58822.png
59002.CR2,59002.png
59076.dng,59076.png
59150.cr2,59150.png
59182.NEF,59182.png
59213.DNG,59213.png
59218.cr2,59218.png
59293.dng,59293.png
59446.cr2,59446.png
59451.dng,59451.png
59651.cr2,59651.png
59780.nef,59780.png
59801.arw,59801.png
59849.cr2,59849.png
59859.cr2,59859.png
59940.nef,59940.png
59967.nef,59967.png
60047.nef,60047.png
60148.CR2,60148.png
60175.dng,60175.png
60430.NEF,60430.png
60479.CR2,60479.png
60566.nef,60566.png
60640.nef,60640.png
60667.CR2,60667.png
60778.ARW,60778.png
60808.cr2,60808.png
60837.CR2,60837.png
60890.X3F,60890.png
